Lat 016,Long 017,State Abbv,Structure Number 008
36.57286944,-75.25846944,VA,51_        1VA0174
36.42252778,-77.44188889,MD,24_200000F-F-25010
36.58789722,-78.73811389,MD,24_200000A-0084010
34.87,-76.91775278,DC,11_0132
36.60576389,-77.72560278,MD,24_100000210119014
35.26649722,-76.53559444,MD,24_200000BC8035010
35.45959167,-75.87055,MD,24_100000070025010
37.466175,-76.54553611,MD,24_200000BC6525010
38,-75,MD,24_200000S-0001010
38,-75,MD,24_200000S-0007010
38,-75,MD,24_200000WOOP03010
38,-75,MD,24_100000220026010
39.25454444,-74.210875,NJ,34_        370841N
39.32969167,-74.10198889,MD,24_200000B-0162010
39,-75,MD,24_200000CE0119020
39.08694444,-75.24305556,PA,42_000000000053314
39.55666667,-74,NJ,34_        360490N
39.55666667,-74,NJ,34_        360490S
39,-75,MD,24_100000070048010
39,-75.421,NJ,34_        M003930
39.34833889,-75.99908889,NJ,34_        0609150
39.2646,-75.4637,MD,24_200000CE0117010
39.4248,-75.5012,MD,24_300000CENR02010
39,-75,MD,24_100000140018010
39.15861667,-82.598125,NC,37_000000001750009
41.19,-65.509,WY,56_020602000001022
45.585,-77.46361111,NC,37_000000001470504
46.16360278,-69.56101111,MT,30_011102000013503
31.9525,-89.9894,AL,01_003472
33.52,-89.83333333,AL,01_021146
32.04915833,-76.99227778,VA,51_000000000030319
31.31935,-76.61105,MD,24_200000BC8028010
33.5,-80.465,NC,37_000000001230272
32.99256111,-81.2329,GA,13_DAPFORSTE0BRG78
32.29536111,-84.5837,AL,01_0000000000M0022
36.13669722,-82.73831389,NC,37_081107000003114
32.99111111,-85.07191667,AL,01_010760
33.7127,-85.073,AL,01_020435
33.34527778,-88.43,AL,01_019007
30.4725,-91.50144,AL,01_021191
31.54943056,-91.1355,LA,22_583031330920821
36.56087222,-87.90594722,KY,21_086000000003018
39.33501944,-94.5457,KS,20_DAPTRALEA0B5VB1
35.60146667,-102.1207,NM,35_0000M20704B0001
39.344,-94.5448,KS,20_DAPTRALEA000BC1
39.281475,-111.0509417,CO,08_LAKE-09-1.7-4A
38.5933,-115.64,NJ,34_        M10015N
46.31833333,-117.6633333,OR,41_000013271-TMP01
46.41796667,-121.7690972,OR,41_060606000014694
45.78946944,-88.97627222,MI,26_000000000013567
52.43996,-100.8208,ND,38_000000005130211
50,-97.56262222,KS,20_000150795603700
35.65952778,-87.58506944,AL,01_021014
35.31369722,-87.12355278,AL,01_020919
40.52801944,-75.35458889,NJ,34_        1203155
41.72266389,-71.4922,CT,09_ 04996
41.66205,-71.554,CT,09_ 00296
41.83634444,-71.521,CT,09_ 04698
38.5444,-77.05630833,DC,11_0027
40,-76,MD,24_200000B-0398030
40.183775,-76.114125,MD,24_200000CE0009020
40.19259444,-76.15280278,MD,24_200000CE0082030
40,-76,MD,24_200000H-0048010
40.175075,-76.19310278,MD,24_200000CE0008010
40.10520833,-76.25542222,MD,24_200000CE0003010
40.05161944,-76.37670556,MD,24_200000H-0159010
39,-79,MD,24_200000A-0012010
38.70825278,-77.3588,MD,24_200000CH0014030
39,-77.38996944,MD,24_100000100085010
39,-77.47430278,MD,24_100000160083010
39,-77.641625,MD,24_200000W-2521010
39.12635833,-77.6188,MD,24_200000M-0385030
39,-78,MD,24_200000A-0061010
39,-78,MD,24_200000A-0065010
39,-78,MD,24_200000A-0073010
39,-78,MD,24_200000W-6082010
39,-78,MD,24_200000W-6083010
39,-79,MD,24_200000A-0022010
39,-79,MD,24_200000A-0026030
39,-79,MD,24_200000A-0039020
39,-79,MD,24_200000A-0054030
39,-79,MD,24_200000A-0055010
39.4136,-78.0148,MD,24_300000W-NR01010
39,-79,MD,24_200000A-0056010
39,-79,MD,24_200000A-0060010
39,-79,MD,24_200000A-M-01010
39,-79,MD,24_200000A-W-01010
40.08211667,-79.32010833,MD,24_100000010104010
40.16822222,-78.31941389,MD,24_100000210124010
40.19069444,-78.55393611,MD,24_200000W-0011010
40.09923611,-78.55053333,MD,24_200000W-C-02010
40.041175,-78.32281389,MD,24_100000210110013
40.02443056,-78.30803333,MD,24_100000210113013
40.05529722,-78.28965556,MD,24_100000210075011
40.055175,-78.29090833,MD,24_100000210075012
40.07631944,-77.47143056,MD,24_200000F-0511010
40.18393611,-77.38018056,MD,24_200000CL0404010
40.02488056,-78.30765278,MD,24_100000210113014
40.04147778,-78.32213333,MD,24_100000210110014
40.01585833,-78.24658611,MD,24_100000210117013
39.81763889,-78.17047778,MD,24_200000W-6371010
40.20073333,-78.01990278,MD,24_200000W-2261010
40.13668889,-77.96631667,MD,24_200000W-2391010
40,-78,MD,24_100000210073013
40,-78,MD,24_100000210073014
40,-78,MD,24_100000210136010
40.09696389,-78.08351944,MD,24_100000210093010
40.07144722,-78.051525,MD,24_100000210095010
40.00796944,-78.19054167,MD,24_100000210120013
40.00869167,-78.19011389,MD,24_100000210120014
39.81944444,-77.72222222,MD,24_200000F-2101010
39.77850833,-77.67184722,MD,24_100000100010010
39.778075,-77.67156667,MD,24_100000100159010
39.84093056,-77.58874444,MD,24_200000F-2610030
39.95497222,-77.36873889,MD,24_200000B-0068010
40.03460278,-77.18570278,MD,24_200000BC6520010
40.037525,-77.21622222,MD,24_200000CL0260010
40,-77,MD,24_200000B-0114010
39.95515833,-77.02015278,MD,24_200000B-0115010
39.865,-76.90065278,MD,24_200000CL0374030
39.82178056,-77.01700833,MD,24_200000BC6510010
39.79516389,-77.08158889,MD,24_200000B-0777030
39.93892222,-77.17116389,MD,24_200000CL0254010
39.82574722,-77.07834167,MD,24_200000BC6501010
40.1371,-76.64184444,MD,24_200000H-0136040
39.76968056,-76.46486389,MD,24_200000CE0041010
39.76979444,-76.80211111,MD,24_200000B-0222010
39.75,-77.40833333,MD,24_200000F-0801010
34.71685833,-75.98357222,NC,37_000000001550511
33.98106111,-77.5924,NC,37_DAPAMCSPM000350
33.11091111,-79.15209167,SC,45_000000000009999
35.63936667,-83.7614,NC,37_5460099P0000000
